,usd_low,usd_high,usd_open,usd_open,usd_open,block_num,number_of_actors,number_of_transactions,number_of_blocks,number_of_actors,number_of_transactions,number_of_blocks,number_of_actors,number_of_transactions,number_of_blocks,number_of_actors,number_of_transactions,number_of_blocks,number_of_actors,number_of_transactions,number_of_blocks
,min,max,median,mean,first,,total,total,total,min,min,min,max,max,max,mean,mean,mean,median,median,median
week,,,,,,,,,,,,,,,,,,,,,
2019-08-05/2019-08-11,201.55,215.98,207.94,207.94,209.16,,,,,,,,,,,,,,,,
2019-08-12/2019-08-18,174.21,216.55,188.2,196.86000000000004,215.14,8371085.0,1268858.0,4123748.0,44199.0,243272.0,532907.0,6243.0,300760.0,625869.0,6360.0,276224.4285714286,589106.8571428572,6314.142857142857,286579.0,603463.0,6307.0
2019-08-19/2019-08-25,180.41,203.54,192.93,192.93428571428575,195.42,8415960.0,1193571.0,4283167.0,43355.0,259648.0,581073.0,6112.0,293518.0,637039.0,6367.0,280088.5714285714,611881.0,6193.571428571428,283233.0,621477.0,6175.0
2019-08-26/2019-09-01,163.89,194.28,171.6,176.3742857142857,184.45,8461047.0,1157865.0,4269803.0,43527.0,249174.0,563229.0,6186.0,290374.0,639008.0,6262.0,274700.85714285716,609971.8571428572,6218.142857142857,279640.0,618128.0,6223.0
2019-09-02/2019-09-08,166.94,184.27,176.5,175.45428571428573,170.31,8505934.0,1162729.0,4350807.0,43139.0,264814.0,574818.0,6116.0,308552.0,654295.0,6218.0,285680.0,621543.8571428572,6162.714285714285,284600.0,630299.0,6164.0
2019-09-09/2019-09-15,174.81,190.99,180.03,180.56571428571428,180.14,8550784.0,1115619.0,4064779.0,42775.0,253791.0,532571.0,6046.0,302012.0,649122.0,6137.0,275184.85714285716,580682.7142857143,6110.714285714285,282156.0,592169.0,6124.0
2019-09-16/2019-09-22,188.43,224.06,213.04,209.22571428571428,189.18,8595692.0,1164168.0,3939863.0,43054.0,217786.0,473299.0,6028.0,295662.0,624403.0,6226.0,267829.5714285714,562837.5714285715,6150.571428571428,280942.0,585064.0,6161.0
2019-09-23/2019-09-29,153.0,212.0,170.91,179.6442857142857,208.22,8640369.0,1060639.0,3753409.0,42321.0,209980.0,487934.0,5812.0,270816.0,601243.0,6200.0,241764.2857142857,536201.2857142857,6045.857142857143,242907.0,521565.0,6058.0
2019-09-30/2019-10-06,165.26,185.79,176.92,175.09857142857143,168.61,8685215.0,1033452.0,3654753.0,43389.0,217076.0,489687.0,6118.0,254324.0,565450.0,6240.0,234061.85714285713,522107.5714285714,6198.428571428572,227930.0,505673.0,6225.0
2019-10-07/2019-10-13,168.59,197.01,180.48,182.11285714285714,171.24,8729774.0,1129741.0,3954122.0,43167.0,213428.0,489036.0,6138.0,279042.0,633503.0,6214.0,249424.57142857142,564874.5714285715,6166.714285714285,252514.0,580742.0,6168.0
2019-10-14/2019-10-20,168.58,188.66,176.27,177.45714285714286,180.76,8774280.0,1086010.0,3938380.0,42994.0,220136.0,491739.0,6103.0,268961.0,616462.0,6228.0,244263.42857142858,562625.7142857143,6142.0,242377.0,573760.0,6122.0
2019-10-21/2019-10-27,153.24,198.63,173.71,171.74571428571429,174.83,8818394.0,1081199.0,3987162.0,42281.0,223615.0,516998.0,5895.0,253112.0,604216.0,6182.0,244683.57142857142,569594.5714285715,6040.142857142857,245688.0,570380.0,6021.0
2019-10-28/2019-11-03,178.22,193.08,184.48,184.92000000000002,186.52,8861916.0,1046493.0,3895732.0,42016.0,208549.0,480583.0,5889.0,255052.0,597197.0,6104.0,239889.42857142858,556533.1428571428,6002.285714285715,248652.0,579725.0,5994.0
2019-11-04/2019-11-10,180.44,194.22,186.36,186.3557142857143,180.76,8905305.0,1138867.0,4046602.0,41487.0,213497.0,502340.0,5767.0,320378.0,678234.0,5998.0,254451.2857142857,578086.0,5926.714285714285,250085.0,586753.0,5958.0
2019-11-11/2019-11-17,177.66,190.38,185.97,185.23571428571427,189.68,8947355.0,1079714.0,3907075.0,40403.0,214056.0,485214.0,5736.0,265518.0,603571.0,5791.0,244856.0,558153.5714285715,5771.857142857143,248957.0,572444.0,5783.0
2019-11-18/2019-11-24,138.93,185.21,174.39,168.1242857142857,185.21,8989332.0,1089935.0,4065824.0,40482.0,199203.0,491853.0,5695.0,280641.0,666063.0,5861.0,243129.7142857143,580832.0,5783.142857142857,248897.0,586413.0,5786.0
2019-11-25/2019-12-01,132.2,157.62,152.0,150.0942857142857,144.04,9029510.0,997985.0,3722314.0,38427.0,203862.0,470140.0,5392.0,250845.0,625008.0,5693.0,225004.14285714287,531759.1428571428,5489.571428571428,219990.0,537267.0,5473.0
2019-12-02/2019-12-08,143.25,152.19,148.0,148.08142857142857,151.21,9068882.0,954210.0,3435097.0,38173.0,170249.0,371165.0,5398.0,257124.0,572616.0,5516.0,215997.57142857142,490728.14285714284,5453.285714285715,226535.0,518907.0,5469.0
2019-12-09/2019-12-15,139.54,151.64,144.68,145.32428571428574,151.24,9107742.0,949688.0,3427743.0,37260.0,191274.0,437234.0,5006.0,242736.0,537455.0,5531.0,217191.57142857142,489677.5714285714,5322.857142857143,220788.0,501594.0,5417.0
2019-12-16/2019-12-22,116.1,142.84,128.2,129.79571428571427,142.73,9143086.0,931484.0,3538906.0,34256.0,186073.0,433392.0,4853.0,232471.0,552766.0,4969.0,215050.42857142858,505558.0,4893.714285714285,219842.0,522976.0,4883.0
2019-12-23/2019-12-29,122.57,137.64,127.16,127.57000000000001,132.49,9178229.0,865637.0,3230056.0,34274.0,173946.0,397468.0,4857.0,220112.0,510563.0,4946.0,198761.2857142857,461436.5714285714,4896.285714285715,203080.0,471242.0,4889.0
2019-12-30/2020-01-05,125.43,138.25,131.59,131.42857142857142,134.77,9217017.0,846479.0,3134409.0,38958.0,159279.0,382434.0,4829.0,219349.0,494646.0,6332.0,192386.7142857143,447772.71428571426,5565.428571428572,193179.0,452659.0,5496.0
2020-01-06/2020-01-12,134.01,147.91,141.5,140.25428571428571,135.06,9262728.0,924826.0,3522995.0,44206.0,180265.0,434688.0,6254.0,233125.0,542445.0,6376.0,214153.14285714287,503285.0,6315.142857142857,221150.0,519913.0,6310.0
2020-01-13/2020-01-19,142.12,179.0,164.62,161.29285714285714,144.43,9308392.0,1072196.0,3818716.0,44116.0,211161.0,477565.0,6270.0,260709.0,586310.0,6336.0,235316.0,545530.8571428572,6302.285714285715,234994.0,559891.0,6301.0
2020-01-20/2020-01-26,155.35,170.92,165.71,165.1257142857143,165.71,9354104.0,857331.0,2987766.0,43759.0,152736.0,345873.0,6191.0,216556.0,495748.0,6353.0,191631.57142857142,426823.71428571426,6251.285714285715,196120.0,445451.0,6244.0
2020-01-27/2020-02-02,165.07,193.16,175.69,176.3,166.97,9399642.0,841050.0,3168334.0,43775.0,184956.0,410854.0,6225.0,204871.0,482452.0,6294.0,194353.57142857142,452619.14285714284,6253.571428571428,193423.0,456994.0,6246.0
2020-02-03/2020-02-09,184.0,230.67,206.72,204.42428571428573,191.41,9445217.0,1074605.0,3698725.0,43623.0,203174.0,453689.0,6154.0,258650.0,576266.0,6283.0,237843.42857142858,528389.2857142857,6231.857142857143,236734.0,526635.0,6242.0
2020-02-10/2020-02-16,217.0,288.94,262.76,252.71142857142854,225.2,9490743.0,1271115.0,4350239.0,43966.0,244883.0,564583.0,6207.0,319459.0,711464.0,6374.0,273259.28571428574,621462.7142857143,6280.857142857143,269150.0,615077.0,6280.0
2020-02-17/2020-02-23,243.05,287.0,261.72,262.9642857142857,252.0,9536262.0,1215424.0,4088222.0,43898.0,251983.0,537291.0,6236.0,274641.0,621320.0,6316.0,260016.85714285713,584031.7142857143,6271.142857142857,260201.0,594585.0,6250.0
2020-02-24/2020-03-01,210.14,278.01,226.55,240.47142857142856,271.69,9581792.0,1134100.0,4086066.0,43946.0,225755.0,535595.0,6211.0,270198.0,625416.0,6309.0,249240.2857142857,583723.7142857143,6278.0,254184.0,598495.0,6290.0
2020-03-02/2020-03-08,204.01,252.0,231.1,229.26285714285714,215.02,9627374.0,1107306.0,4012007.0,44104.0,225415.0,544896.0,6207.0,269312.0,610576.0,6347.0,245051.42857142858,573143.8571428572,6300.571428571428,246370.0,569099.0,6322.0
2020-03-09/2020-03-15,89.98,212.06,193.15,169.68999999999997,209.6,9672704.0,1150997.0,4378344.0,43684.0,231756.0,574940.0,6116.0,290167.0,717445.0,6309.0,254948.42857142858,625477.7142857143,6240.571428571428,250246.0,610362.0,6243.0
2020-03-16/2020-03-22,101.11,152.54,120.06,123.33714285714287,120.06,9718107.0,1592375.0,4889760.0,43659.0,272431.0,646370.0,6100.0,390338.0,773545.0,6312.0,317762.71428571426,698537.1428571428,6237.0,302348.0,679728.0,6258.0
2020-03-23/2020-03-29,120.65,144.07,135.38,133.89857142857142,124.27,9763097.0,1361916.0,4435929.0,43741.0,225219.0,521118.0,6144.0,316002.0,701156.0,6348.0,281531.28571428574,633704.1428571428,6248.714285714285,295249.0,650490.0,6265.0
2020-03-30/2020-04-05,124.02,150.0,134.68,136.01428571428573,125.65,9808657.0,1143341.0,4121457.0,43965.0,224296.0,518123.0,6255.0,269200.0,621596.0,6320.0,251928.0,588779.5714285715,6280.714285714285,256514.0,615835.0,6268.0
2020-04-06/2020-04-12,142.02,176.29,163.0,160.86285714285714,142.38,9854059.0,1285270.0,4449813.0,43834.0,249358.0,571417.0,6174.0,342384.0,696492.0,6356.0,280377.4285714286,635687.5714285715,6262.0,275349.0,642523.0,6264.0
2020-04-13/2020-04-19,148.49,189.89,164.06,166.51571428571427,164.06,9899481.0,1405015.0,4734823.0,43562.0,283445.0,643899.0,6171.0,326968.0,699044.0,6275.0,300567.5714285714,676403.2857142857,6223.142857142857,300300.0,687873.0,6233.0
2020-04-20/2020-04-26,167.44,199.77,183.0,183.00571428571428,181.6,9944730.0,1450511.0,4912574.0,43275.0,299023.0,680848.0,6158.0,333525.0,725338.0,6204.0,312559.5714285714,701796.2857142857,6182.142857142857,308715.0,696155.0,6182.0
2020-04-27/2020-05-03,190.62,227.22,209.77,205.7214285714286,197.22,9989910.0,1538107.0,5035935.0,43145.0,313616.0,665021.0,6096.0,345216.0,775969.0,6215.0,328484.28571428574,719419.2857142857,6163.571428571428,327581.0,716136.0,6176.0
2020-05-04/2020-05-10,180.97,216.91,208.08,209.3857142857143,208.08,10035103.0,1486447.0,5009446.0,43039.0,296307.0,653795.0,6085.0,341383.0,756719.0,6224.0,320299.85714285716,715635.1428571428,6148.428571428572,326681.0,728834.0,6142.0
2020-05-11/2020-05-17,176.99,209.68,193.26,194.21571428571428,188.59,10080193.0,1411128.0,5036754.0,42684.0,293755.0,689357.0,6044.0,332227.0,754850.0,6153.0,309563.28571428574,719536.2857142857,6097.714285714285,310611.0,716425.0,6095.0
2020-05-18/2020-05-24,191.73,216.95,208.13,208.39857142857144,208.03,10125232.0,1493594.0,5134363.0,42938.0,300669.0,696586.0,6083.0,337358.0,764656.0,6241.0,323765.14285714284,733480.4285714285,6134.0,326266.0,732696.0,6127.0
2020-05-25/2020-05-31,197.11,246.5,206.4,212.81999999999996,206.4,10170215.0,1579940.0,5350842.0,42988.0,317523.0,720452.0,6084.0,374623.0,832773.0,6185.0,339438.85714285716,764406.0,6141.142857142857,335815.0,766604.0,6135.0
2020-06-01/2020-06-07,226.22,253.39,241.67,240.20857142857145,235.6,10215296.0,1670196.0,5495829.0,42955.0,317200.0,727695.0,6016.0,388767.0,854536.0,6225.0,351343.5714285714,785118.4285714285,6136.428571428572,351973.0,780646.0,6145.0
2020-06-08/2020-06-14,185.52,250.12,242.21,240.45000000000002,242.57,10260477.0,1652987.0,5393638.0,43165.0,318531.0,684366.0,6084.0,369304.0,805408.0,6249.0,350734.5714285714,770519.7142857143,6166.428571428572,349315.0,796369.0,6184.0
2020-06-15/2020-06-21,218.21,237.01,231.1,231.0957142857143,234.12,10305732.0,1693556.0,5690529.0,43326.0,346820.0,772627.0,6159.0,374737.0,862689.0,6246.0,358699.71428571426,812932.7142857143,6189.428571428572,356039.0,813213.0,6183.0
2020-06-22/2020-06-28,215.9,249.23,233.61,233.5042857142857,228.99,10350880.0,1813135.0,6524345.0,43162.0,375399.0,894282.0,6088.0,401365.0,960650.0,6234.0,383917.28571428574,932049.2857142857,6166.0,381455.0,935414.0,6159.0
2020-06-29/2020-07-05,221.23,232.76,226.87,227.41285714285712,224.81,10396027.0,1872299.0,6287827.0,43140.0,344127.0,779412.0,6117.0,445285.0,953789.0,6232.0,400675.71428571426,898261.0,6162.857142857143,406678.0,922292.0,6159.0
2020-07-06/2020-07-12,223.59,248.9,238.87,238.24714285714285,224.95,10441345.0,1801076.0,6429056.0,43425.0,372065.0,878381.0,6157.0,406358.0,962323.0,6265.0,392506.71428571426,918436.5714285715,6203.571428571428,391114.0,915480.0,6192.0
2020-07-13/2020-07-19,230.06,245.26,238.17,236.93714285714282,238.75,10486594.0,1777649.0,6826159.0,43372.0,362691.0,946536.0,6147.0,436094.0,1015376.0,6255.0,399220.28571428574,975165.5714285715,6196.0,393958.0,969542.0,6212.0
2020-07-20/2020-07-26,234.48,319.82,245.9,261.2914285714286,235.71,10531700.0,1807905.0,7208613.0,43660.0,377788.0,1001004.0,6167.0,415887.0,1073072.0,6311.0,403745.4285714286,1029801.8571428572,6237.142857142857,413124.0,1027639.0,6241.0
2020-07-27/2020-08-02,306.74,415.05,324.43,335.4957142857143,310.35,10577002.0,1994905.0,7498984.0,43856.0,412246.0,1007027.0,6169.0,484537.0,1121593.0,6311.0,438055.14285714284,1071283.4285714286,6265.142857142857,429771.0,1058988.0,6276.0
2020-08-03/2020-08-09,365.43,407.81,388.46,388.0257142857143,373.32,10622281.0,2049447.0,7562421.0,43716.0,391411.0,1050750.0,6191.0,465238.0,1119492.0,6324.0,440271.5714285714,1080345.857142857,6245.142857142857,447581.0,1070926.0,6242.0
2020-08-10/2020-08-16,367.04,444.35,395.41,405.05000000000007,393.24,10667726.0,1738003.0,7561636.0,43956.0,351396.0,998274.0,6236.0,411563.0,1150139.0,6312.0,390864.4285714286,1080233.7142857143,6279.428571428572,396706.0,1078217.0,6280.0
2020-08-17/2020-08-23,379.28,447.03,416.37,414.2742857142857,430.1,10713177.0,1848619.0,7515143.0,44245.0,376980.0,1005102.0,6233.0,418914.0,1149849.0,6388.0,394938.14285714284,1073591.857142857,6320.714285714285,393976.0,1075846.0,6325.0
2020-08-24/2020-08-30,370.26,427.92,392.67,391.4057142857143,392.67,10758802.0,1724830.0,7221855.0,44301.0,316399.0,1014674.0,6249.0,397882.0,1054550.0,6382.0,371525.85714285716,1031693.5714285715,6328.714285714285,385829.0,1023048.0,6330.0
2020-08-31/2020-09-06,311.04,488.26,422.97,414.6785714285714,422.97,10804559.0,1517437.0,7302742.0,44548.0,315657.0,950437.0,6289.0,393306.0,1123269.0,6460.0,356496.28571428574,1043248.8571428572,6364.0,351126.0,1052457.0,6356.0
2020-09-07/2020-09-13,323.62,389.77,353.23,357.72857142857146,351.73,10850235.0,1446416.0,6765313.0,44466.0,291041.0,937859.0,6299.0,352816.0,1025738.0,6426.0,321255.5714285714,966473.2857142857,6352.285714285715,316154.0,956409.0,6343.0
2020-09-14/2020-09-20,355.21,394.2,376.32,375.70571428571424,363.0,10895794.0,1634799.0,7363689.0,44527.0,313903.0,941492.0,6281.0,445200.0,1294337.0,6424.0,375239.14285714284,1051955.5714285714,6361.0,379597.0,1001607.0,6381.0
2020-09-21/2020-09-27,314.76,376.31,346.7,348.16428571428565,369.55,10941311.0,1733398.0,6777279.0,44164.0,348418.0,893307.0,6221.0,401728.0,1041013.0,6394.0,371836.28571428574,968182.7142857143,6309.142857142857,367067.0,991643.0,6286.0
2020-09-28/2020-10-04,335.4,369.18,353.21,353.96000000000004,353.21,10986035.0,1640400.0,6653674.0,43791.0,328198.0,882373.0,6236.0,370733.0,1000363.0,6290.0,355840.71428571426,950524.8571428572,6255.857142857143,361277.0,949284.0,6247.0
2020-10-05/2020-10-11,333.02,378.24,351.65,353.06428571428575,351.55,11030851.0,1638766.0,6676225.0,43793.0,328522.0,928916.0,6159.0,374306.0,998686.0,6413.0,353951.28571428574,953746.4285714285,6256.142857142857,352659.0,951342.0,6231.0
2020-10-12/2020-10-18,362.72,395.27,376.75,376.03999999999996,373.27,11076577.0,2096566.0,7153468.0,44589.0,367222.0,916634.0,6295.0,533453.0,1157218.0,6442.0,426592.85714285716,1021924.0,6369.857142857143,405901.0,1006670.0,6371.0
2020-10-19/2020-10-25,367.06,421.08,395.17,393.9985714285714,375.92,11122233.0,1913984.0,7083062.0,44714.0,350560.0,888205.0,6336.0,452569.0,1097328.0,6462.0,405063.71428571426,1011866.0,6387.714285714285,396321.0,1029329.0,6382.0
2020-10-26/2020-11-01,374.06,411.28,389.06,393.0728571428572,407.8,11167817.0,1800879.0,7071814.0,44685.0,377249.0,969750.0,6346.0,411087.0,1052464.0,6420.0,391494.4285714286,1010259.1428571428,6383.571428571428,386241.0,1009939.0,6375.0
2020-11-02/2020-11-08,371.02,468.14,401.79,409.04857142857145,397.44,11213400.0,2050523.0,7237613.0,44662.0,396993.0,940907.0,6347.0,465854.0,1082009.0,6407.0,429927.71428571426,1033944.7142857143,6380.285714285715,426575.0,1048896.0,6386.0
2020-11-09/2020-11-15,434.8,478.38,460.06,458.9542857142857,450.2,11259013.0,1968530.0,7130560.0,44729.0,385028.0,968463.0,6329.0,431720.0,1065089.0,6409.0,417508.0,1018651.4285714285,6389.857142857143,425017.0,1008580.0,6404.0
2020-11-16/2020-11-22,440.5,576.15,474.59,483.6457142857143,444.01,11304643.0,2059238.0,7395952.0,44632.0,416546.0,1019874.0,6306.0,464411.0,1085279.0,6483.0,437689.4285714286,1056564.5714285714,6376.0,436873.0,1067247.0,6358.0
2020-11-23/2020-11-29,481.32,622.72,572.66,561.6257142857143,572.66,11350188.0,2167029.0,7257892.0,44557.0,408256.0,914224.0,6294.0,477823.0,1133965.0,6463.0,445794.0,1036841.7142857143,6365.285714285715,446429.0,1064477.0,6371.0
2020-11-30/2020-12-06,561.52,636.31,596.105,593.7383333333333,568.4,11395733.0,1913268.0,7193388.0,44601.0,376852.0,971069.0,6299.0,438026.0,1087413.0,6439.0,410054.14285714284,1027626.8571428572,6371.571428571428,410096.0,1035879.0,6377.0
2020-12-07/2020-12-13,530.45,603.77,570.95,573.3942857142857,599.41,11441245.0,1944109.0,7261381.0,44560.0,381076.0,1008176.0,6299.0,453614.0,1062807.0,6463.0,409268.0,1037340.1428571428,6365.714285714285,403901.0,1034131.0,6365.0
2020-12-14/2020-12-20,576.06,676.29,630.0,622.2471428571428,591.71,11486825.0,2259354.0,7875518.0,44735.0,404928.0,1012779.0,6345.0,537210.0,1230638.0,6448.0,471393.4285714286,1125074.0,6390.714285714285,476619.0,1119867.0,6394.0
2020-12-21/2020-12-27,550.0,714.52,618.87,620.1928571428572,632.71,11532458.0,1920150.0,7606848.0,44696.0,401196.0,1064142.0,6299.0,457990.0,1173379.0,6455.0,419206.5714285714,1086692.5714285714,6385.142857142857,407740.0,1070581.0,6387.0
2020-12-28/2021-01-03,676.53,975.89,729.66,730.7328571428571,676.53,11578165.0,2099023.0,7839613.0,44779.0,424267.0,1071763.0,6301.0,494392.0,1169552.0,6498.0,451728.28571428574,1119944.7142857143,6397.0,451553.0,1121140.0,6400.0
2021-01-04/2021-01-10,891.24,1349.99,1180.68,1137.28,947.94,11623680.0,2509402.0,8238328.0,44688.0,509434.0,1137141.0,6307.0,574790.0,1203507.0,6468.0,534404.5714285715,1176904.0,6384.0,535609.0,1179930.0,6378.0
2021-01-11/2021-01-17,913.93,1290.89,1160.61,1155.8128571428572,1269.58,11669373.0,2349915.0,7767499.0,44729.0,460680.0,1049704.0,6278.0,517696.0,1182535.0,6444.0,486692.71428571426,1109642.7142857143,6389.857142857143,491592.0,1105006.0,6411.0
2021-01-18/2021-01-24,1043.42,1436.47,1247.98,1270.4857142857145,1262.97,11714974.0,2265715.0,7785296.0,44594.0,447545.0,1057792.0,6325.0,513836.0,1172718.0,6433.0,471909.5714285714,1112185.142857143,6370.571428571428,454550.0,1101630.0,6359.0
2021-01-25/2021-01-31,1210.05,1473.54,1352.0,1346.6399999999999,1352.0,11760302.0,2277639.0,7976693.0,44547.0,430702.0,1072240.0,6257.0,531949.0,1204394.0,6504.0,482998.4285714286,1139527.5714285714,6363.857142857143,480727.0,1131749.0,6368.0
2021-02-01/2021-02-07,1273.29,1762.0,1636.13,1554.1657142857143,1298.4,11805888.0,2441027.0,8428284.0,44542.0,504638.0,1163014.0,6334.0,552065.0,1231857.0,6400.0,522877.4285714286,1204040.5714285714,6363.142857142857,523457.0,1215758.0,6358.0
2021-02-08/2021-02-14,1569.98,1873.28,1769.0,1747.5728571428572,1599.33,11851387.0,2461420.0,8426301.0,44532.0,475886.0,1148351.0,6293.0,545126.0,1235204.0,6411.0,520950.4285714286,1203757.2857142857,6361.714285714285,528293.0,1200348.0,6358.0
2021-02-15/2021-02-21,1672.69,2035.95,1856.64,1870.94,1828.65,11896995.0,2488923.0,8348789.0,44626.0,483551.0,1136325.0,6341.0,563378.0,1262007.0,6448.0,526757.0,1192684.142857143,6375.142857142857,526279.0,1181051.0,6356.0
2021-02-22/2021-02-28,870.0,1939.7,1536.41,1612.167142857143,1911.65,11942493.0,2405366.0,8221440.0,44612.0,483002.0,1118468.0,6339.0,523283.0,1225665.0,6419.0,506406.28571428574,1174491.4285714286,6373.142857142857,505434.0,1163330.0,6377.0
2021-03-01/2021-03-07,1401.44,1693.7,1535.3,1531.86,1417.1,11987997.0,2339433.0,7983338.0,44668.0,445606.0,1104006.0,6291.0,512693.0,1172646.0,6438.0,481925.71428571426,1140476.857142857,6381.142857142857,485721.0,1127220.0,6380.0
2021-03-08/2021-03-14,1663.27,1942.37,1819.86,1801.8071428571432,1664.0,12033336.0,2497687.0,8467856.0,44703.0,478281.0,1154522.0,6330.0,542009.0,1255038.0,6438.0,520346.71428571426,1209693.7142857143,6386.142857142857,525418.0,1214801.0,6391.0
2021-03-15/2021-03-21,1712.6,1893.09,1814.56,1814.1799999999998,1876.5,12078833.0,2454877.0,8431835.0,44781.0,486576.0,1128958.0,6356.0,536770.0,1240511.0,6433.0,519665.71428571426,1204547.857142857,6397.285714285715,524883.0,1215753.0,6399.0
2021-03-22/2021-03-28,1546.91,1810.37,1665.15,1675.51,1800.06,12124271.0,2498920.0,8404267.0,44880.0,496744.0,1139629.0,6383.0,565593.0,1245420.0,6441.0,529296.5714285715,1200609.5714285714,6411.428571428572,532940.0,1214166.0,6404.0
2021-03-29/2021-04-04,1664.09,2143.99,1940.25,1911.2228571428573,1668.53,12169742.0,2600769.0,8610889.0,44890.0,515560.0,1139550.0,6365.0,598799.0,1287243.0,6460.0,550338.8571428572,1230127.0,6412.857142857143,544369.0,1226681.0,6419.0
2021-04-05/2021-04-11,1937.28,2194.68,2069.34,2069.907142857143,2061.67,12215327.0,2671902.0,8546644.0,45059.0,532397.0,1187115.0,6382.0,583143.0,1254561.0,6511.0,548007.5714285715,1220949.142857143,6437.0,540640.0,1217385.0,6434.0
2021-04-12/2021-04-18,1976.71,2548.39,2369.99,2329.8385714285714,2141.68,12260712.0,2932270.0,8986622.0,44941.0,521155.0,1128083.0,6381.0,640528.0,1375029.0,6460.0,589834.1428571428,1283803.142857143,6420.142857142857,600730.0,1301038.0,6412.0
2021-04-19/2021-04-25,2055.36,2643.3,2309.4,2311.2314285714283,2229.05,12306079.0,3388999.0,9895761.0,44949.0,651150.0,1321488.0,6347.0,705120.0,1488767.0,6521.0,679691.4285714285,1413680.142857143,6421.285714285715,684137.0,1444157.0,6431.0
2021-04-26/2021-05-02,2180.0,2976.97,2709.0,2635.3685714285716,2209.0,12351434.0,3326143.0,9670248.0,44835.0,625688.0,1351568.0,6377.0,675964.0,1440126.0,6430.0,651828.5714285715,1381464.0,6405.0,651271.0,1366772.0,6407.0
2021-05-03/2021-05-09,2936.4,3980.33,3464.45,3421.5342857142855,2969.0,12396780.0,3559078.0,10368945.0,44947.0,674760.0,1402949.0,6397.0,799562.0,1626278.0,6444.0,713909.8571428572,1481277.857142857,6421.0,694372.0,1432721.0,6433.0
2021-05-10/2021-05-16,3345.04,4372.35,3911.64,3932.475714285714,3911.64,12442150.0,3493513.0,10394490.0,44910.0,665471.0,1360867.0,6373.0,784465.0,1598969.0,6474.0,733047.0,1484927.142857143,6415.714285714285,732819.0,1493913.0,6409.0
2021-05-17/2021-05-23,1737.28,3589.0,2767.6,2880.594285714286,3373.74,12487248.0,2995149.0,9101094.0,44631.0,520591.0,1176212.0,6350.0,659939.0,1369701.0,6408.0,606014.7142857143,1300156.2857142857,6375.857142857143,618972.0,1347550.0,6384.0
2021-05-24/2021-05-30,2050.61,2910.0,2559.85,2493.657142857143,2068.01,12532379.0,2905411.0,8598538.0,44611.0,542988.0,1211261.0,6335.0,594644.0,1241553.0,6414.0,570505.4285714285,1228362.5714285714,6373.0,574429.0,1231283.0,6376.0
2021-05-31/2021-06-06,2278.03,2887.0,2630.54,2641.2628571428572,2433.04,12577560.0,2892238.0,8328521.0,44837.0,533711.0,1080415.0,6334.0,598051.0,1250699.0,6486.0,566958.2857142857,1189788.7142857143,6405.285714285715,571630.0,1213305.0,6417.0
2021-06-07/2021-06-13,2267.1,2846.38,2538.25,2531.048571428571,2709.96,12622785.0,2512183.0,7800270.0,44755.0,476648.0,1064622.0,6367.0,528785.0,1153860.0,6416.0,498113.5714285714,1114324.2857142857,6393.571428571428,496245.0,1123629.0,6394.0
2021-06-14/2021-06-20,2047.02,2639.23,2400.17,2400.0257142857145,2577.09,12667896.0,2371102.0,7596043.0,44704.0,429726.0,984519.0,6335.0,508475.0,1151348.0,6449.0,476543.0,1085149.0,6386.285714285715,487298.0,1112572.0,6383.0
2021-06-21/2021-06-27,1701.1,2275.73,1932.09,1959.5600000000002,2259.33,12712734.0,2547207.0,7839851.0,44355.0,480439.0,1045735.0,6256.0,525744.0,1201965.0,6377.0,504642.28571428574,1119978.7142857143,6336.428571428572,510623.0,1126194.0,6353.0
2021-06-28/2021-07-04,1814.74,2371.52,2135.53,2116.217142857143,1816.49,12757713.0,2682522.0,7994021.0,44531.0,464696.0,1044666.0,6274.0,684708.0,1328690.0,6404.0,532495.4285714285,1142003.0,6361.571428571428,520064.0,1136717.0,6369.0
2021-07-05/2021-07-11,2049.52,2407.35,2217.61,2231.9857142857145,2350.42,12802708.0,2300190.0,7995806.0,44394.0,448763.0,1049708.0,6310.0,502189.0,1247451.0,6363.0,480710.28571428574,1142258.0,6342.0,489188.0,1141495.0,6346.0
2021-07-12/2021-07-18,1852.15,2171.69,1948.01,1973.74,2130.55,12847328.0,2213981.0,7925879.0,44022.0,446161.0,1102665.0,6235.0,496289.0,1197856.0,6343.0,471622.0,1132268.4285714286,6288.857142857143,470676.0,1118499.0,6293.0
2021-07-19/2021-07-25,1718.25,2199.0,1948.07,1951.8857142857141,1892.97,12892112.0,2398165.0,7940738.0,44293.0,474977.0,1081932.0,6248.0,527492.0,1170097.0,6392.0,496214.28571428574,1134391.142857143,6327.571428571428,494827.0,1135548.0,6338.0
2021-07-26/2021-08-01,2153.94,2698.14,2298.19,2311.7385714285715,2157.37,12936340.0,2700811.0,8358641.0,43632.0,512359.0,1132909.0,6181.0,625795.0,1257224.0,6277.0,551775.2857142857,1194091.5714285714,6233.142857142857,532692.0,1193232.0,6231.0
2021-08-02/2021-08-08,2447.65,3189.0,2708.59,2752.6185714285716,2671.0,12981067.0,2375186.0,8009522.0,44310.0,463811.0,1091340.0,6240.0,556002.0,1188119.0,6458.0,500343.14285714284,1144217.4285714286,6330.0,495243.0,1150419.0,6324.0
2021-08-09/2021-08-15,2900.42,3331.0,3156.56,3148.25,2993.95,13026460.0,2205982.0,7888287.0,44686.0,456064.0,1071935.0,6325.0,489030.0,1160425.0,6440.0,476802.5714285714,1126898.142857143,6383.714285714285,481956.0,1130317.0,6391.0
2021-08-16/2021-08-22,2954.23,3334.17,3166.44,3165.5157142857142,3268.23,13071750.0,2335980.0,8171790.0,44685.0,470608.0,1125576.0,6302.0,529100.0,1198278.0,6480.0,500436.14285714284,1167398.5714285714,6383.571428571428,497217.0,1186903.0,6400.0
2021-08-23/2021-08-29,3058.83,3378.21,3217.06,3220.6257142857144,3156.12,13117023.0,2074303.0,7832435.0,44553.0,440279.0,1057286.0,6292.0,494855.0,1181889.0,6408.0,460602.28571428574,1118919.2857142857,6364.714285714285,454642.0,1117422.0,6368.0
2021-08-30/2021-09-05,3146.06,4027.56,3729.99,3615.16,3236.0,13162318.0,2219761.0,7894487.0,44653.0,457114.0,1068858.0,6339.0,521014.0,1175915.0,6438.0,484662.85714285716,1127783.857142857,6379.0,477954.0,1134889.0,6378.0
2021-09-06/2021-09-12,2963.48,3980.59,3425.57,3540.968571428572,3971.68,13207539.0,2396595.0,8091822.0,44524.0,479500.0,1102512.0,6302.0,585914.0,1212479.0,6438.0,514708.5714285714,1155974.5714285714,6360.571428571428,519382.0,1155907.0,6362.0
2021-09-13/2021-09-19,3116.0,3674.37,3376.41,3401.6857142857143,3316.54,13252814.0,2433657.0,7952386.0,44408.0,464413.0,1073407.0,6279.0,586317.0,1196378.0,6395.0,512357.28571428574,1136055.142857143,6344.0,502357.0,1146701.0,6352.0
2021-09-20/2021-09-26,2668.0,3364.47,3026.74,3028.2442857142855,3358.98,13298126.0,2150276.0,7707161.0,44316.0,428472.0,1040464.0,6269.0,492738.0,1136914.0,6447.0,467117.85714285716,1101023.0,6330.857142857143,468148.0,1106740.0,6309.0
2021-09-27/2021-10-03,2783.03,3485.29,2974.94,3063.604285714285,3091.84,13342963.0,2116537.0,7584943.0,43961.0,445615.0,1056236.0,6193.0,527121.0,1153372.0,6393.0,468004.0,1083563.2857142857,6280.142857142857,457363.0,1074728.0,6268.0
2021-10-04/2021-10-10,3278.34,3670.7,3552.8,3522.5442857142857,3427.46,13387620.0,2422764.0,8231415.0,43987.0,441716.0,1060140.0,6224.0,613753.0,1274853.0,6341.0,532200.4285714285,1175916.4285714286,6283.857142857143,533951.0,1171064.0,6280.0
2021-10-11/2021-10-17,3379.63,3968.86,3577.86,3647.1128571428567,3515.01,13432144.0,2328836.0,8018524.0,43704.0,486533.0,1095337.0,6192.0,536198.0,1219975.0,6320.0,508827.5714285714,1145503.4285714286,6243.428571428572,502156.0,1133820.0,6244.0
2021-10-18/2021-10-24,3684.74,4366.5,3976.87,3930.1585714285716,3702.37,13476885.0,2647863.0,8320964.0,43999.0,522949.0,1137690.0,6203.0,573285.0,1214015.0,6371.0,556647.0,1188709.142857143,6285.571428571428,557046.0,1197608.0,6264.0
2021-10-25/2021-10-31,3900.46,4457.01,4251.75,4208.47,4065.99,13521542.0,2915542.0,9059481.0,43965.0,558909.0,1220935.0,6210.0,676200.0,1409844.0,6337.0,608190.0,1294211.5714285714,6280.714285714285,582499.0,1272488.0,6277.0
2021-11-01/2021-11-07,4160.0,4665.02,4487.09,4451.85,4269.51,13566042.0,2996836.0,8778164.0,43915.0,579669.0,1187349.0,6200.0,657703.0,1313862.0,6338.0,616034.1428571428,1254023.4285714286,6273.571428571428,610933.0,1255963.0,6272.0
2021-11-08/2021-11-14,4507.16,4865.81,4655.93,4685.707142857143,4629.0,13610714.0,2971986.0,8848123.0,43763.0,586850.0,1221298.0,6209.0,635214.0,1313302.0,6315.0,611436.0,1264017.5714285714,6251.857142857143,612421.0,1263900.0,6249.0
2021-11-15/2021-11-21,3958.99,4768.63,4284.06,4342.93,4576.79,13654921.0,2769451.0,8422010.0,43273.0,507843.0,1104792.0,6116.0,647923.0,1280531.0,6258.0,567854.5714285715,1203144.2857142857,6181.857142857143,567912.0,1208906.0,6151.0
2021-11-22/2021-11-28,3924.3,4552.35,4257.58,4244.62,4366.0,13699125.0,2550871.0,8303846.0,43276.0,488719.0,1087811.0,6096.0,561831.0,1265428.0,6241.0,531438.8571428572,1186263.7142857143,6182.285714285715,538736.0,1193402.0,6192.0
2021-11-29/2021-12-05,3521.01,4778.67,4453.01,4390.145714285714,4260.4,13742801.0,2872978.0,8345683.0,42819.0,508974.0,1143943.0,6076.0,773431.0,1326539.0,6155.0,576759.1428571428,1192240.4285714286,6117.0,554979.0,1180810.0,6130.0
2021-12-06/2021-12-12,3838.01,4486.63,4165.55,4199.012857142857,4150.43,13786990.0,2736317.0,8177802.0,43632.0,532371.0,1135923.0,6112.0,596411.0,1228045.0,6370.0,555096.7142857143,1168257.4285714286,6233.142857142857,550213.0,1161494.0,6171.0
2021-12-13/2021-12-19,3655.42,4170.3,3977.24,3960.9257142857136,4124.25,13832241.0,2599655.0,8061652.0,44207.0,513785.0,1094329.0,6245.0,570914.0,1217085.0,6359.0,546865.4285714285,1151664.5714285714,6315.285714285715,558234.0,1144470.0,6347.0
2021-12-20/2021-12-26,3757.6,4150.48,4026.35,4026.718571428571,3919.7,13877450.0,2642999.0,8301332.0,44226.0,538563.0,1141813.0,6276.0,585060.0,1260547.0,6416.0,557538.2857142857,1185904.5714285714,6318.0,546602.0,1175151.0,6309.0
2021-12-27/2022-01-02,3590.0,4128.28,3749.74,3836.871428571428,4086.36,13922672.0,2471677.0,8185872.0,44272.0,487885.0,1104984.0,6245.0,563459.0,1199209.0,6369.0,528352.8571428572,1169410.2857142857,6324.571428571428,522685.0,1189838.0,6345.0
2022-01-03/2022-01-09,2999.08,3889.1,3556.59,3519.8742857142856,3813.67,13967922.0,2397292.0,7982604.0,44328.0,463099.0,1066368.0,6273.0,552860.0,1182876.0,6394.0,524683.8571428572,1140372.0,6332.571428571428,525939.0,1150238.0,6320.0
2022-01-10/2022-01-16,2933.19,3412.64,3271.94,3258.045714285715,3188.77,14013196.0,2382902.0,8296339.0,44360.0,469947.0,1123620.0,6301.0,586500.0,1234189.0,6379.0,536040.1428571428,1185191.2857142857,6337.142857142857,531944.0,1184978.0,6335.0
2022-01-17/2022-01-23,2310.52,3362.66,3114.85,2988.2557142857145,3331.0,14058541.0,2335403.0,7906606.0,44408.0,477988.0,1038219.0,6271.0,539138.0,1167790.0,6442.0,514265.28571428574,1129515.142857143,6344.0,513608.0,1143319.0,6333.0
2022-01-24/2022-01-30,2160.93,2724.47,2422.9,2459.161428571428,2422.9,14103760.0,2190430.0,7691447.0,44325.0,467390.0,1078313.0,6294.0,512189.0,1135222.0,6384.0,490340.5714285714,1098778.142857143,6332.142857142857,491079.0,1091039.0,6325.0
2022-01-31/2022-02-06,2480.28,3062.2,2680.8,2762.2985714285714,2560.21,14149082.0,2393879.0,7883634.0,44282.0,487261.0,1066490.0,6232.0,597351.0,1187054.0,6411.0,532030.2857142857,1126233.4285714286,6326.0,528102.0,1128367.0,6320.0
2022-02-07/2022-02-13,2838.89,3281.6,3115.8,3061.225714285714,2996.0,14194418.0,2503189.0,7817208.0,44178.0,518417.0,1072183.0,6289.0,553600.0,1151688.0,6360.0,537066.2857142857,1116744.0,6311.142857142857,536484.0,1128905.0,6309.0
2022-02-14/2022-02-20,2576.48,3195.98,2895.51,2921.3528571428574,2875.44,14239570.0,2302201.0,8087830.0,44050.0,467493.0,1088956.0,6246.0,539049.0,1295540.0,6360.0,507559.28571428574,1155404.2857142857,6292.857142857143,507416.0,1135597.0,6285.0
2022-02-21/2022-02-27,2302.0,2854.23,2618.26,2652.7000000000003,2599.12,14284847.0,2336086.0,7709573.0,43984.0,468960.0,1081682.0,6242.0,554879.0,1131177.0,6330.0,508772.71428571426,1101367.5714285714,6283.428571428572,513489.0,1093501.0,6287.0
2022-02-28/2022-03-06,2575.73,3038.49,2804.66,2774.6071428571427,2600.92,14329981.0,2512583.0,7695097.0,43848.0,500978.0,1041135.0,6188.0,549555.0,1139386.0,6324.0,526768.2857142857,1099299.5714285714,6264.0,530626.0,1119770.0,6265.0
2022-03-07/2022-03-13,2447.99,2773.08,2586.98,2592.534285714286,2630.59,14375068.0,2797760.0,7753099.0,43730.0,495326.0,1006037.0,6156.0,634167.0,1181368.0,6309.0,556422.5714285715,1107585.5714285714,6247.142857142857,540224.0,1129728.0,6266.0
2022-03-14/2022-03-20,2494.42,2985.99,2772.09,2739.191428571429,2547.0,14419942.0,2780079.0,7905677.0,43706.0,505260.0,1050638.0,6210.0,638995.0,1221411.0,6272.0,563435.2857142857,1129382.4285714286,6243.714285714285,542965.0,1128815.0,6250.0
2022-03-21/2022-03-27,2835.0,3247.64,3001.61,3020.867142857143,2874.36,14464916.0,2676965.0,7767338.0,43707.0,531897.0,1082770.0,6226.0,603679.0,1169752.0,6264.0,551550.1428571428,1109619.7142857143,6243.857142857143,540353.0,1103032.0,6246.0
2022-03-28/2022-04-03,3215.01,3529.39,3414.52,3382.96,3238.39,14509822.0,2395440.0,7741119.0,43836.0,465576.0,1027032.0,6206.0,554440.0,1166439.0,6324.0,515574.28571428574,1105874.142857143,6262.285714285715,522741.0,1113751.0,6270.0
2022-04-04/2022-04-10,3143.01,3580.0,3248.99,3341.8342857142857,3495.01,14554614.0,2185657.0,7397820.0,43620.0,462698.0,1035587.0,6161.0,502140.0,1078714.0,6269.0,483361.28571428574,1056831.4285714286,6231.428571428572,481724.0,1055069.0,6247.0
2022-04-11/2022-04-17,2952.45,3292.8,3030.16,3064.5357142857147,3290.2,14599453.0,2210564.0,7256396.0,43665.0,452187.0,1003742.0,6171.0,493873.0,1067535.0,6282.0,477142.5714285714,1036628.0,6237.857142857143,482540.0,1040574.0,6253.0
2022-04-18/2022-04-24,2886.94,3178.24,3005.41,3023.8928571428573,3045.85,14644142.0,2416654.0,7648774.0,43409.0,476629.0,1015366.0,6126.0,597565.0,1187094.0,6267.0,520333.71428571426,1092682.0,6201.285714285715,490890.0,1078072.0,6206.0
2022-04-25/2022-05-01,2719.07,3033.32,2865.24,2882.5400000000004,2941.56,14688630.0,2230368.0,7788576.0,43169.0,464847.0,1075406.0,6126.0,513139.0,1161698.0,6203.0,499774.28571428574,1112653.7142857143,6167.0,503041.0,1111540.0,6157.0
2022-05-02/2022-05-08,2487.11,2967.03,2784.72,2786.3414285714284,2816.67,14732822.0,2221864.0,7434272.0,42796.0,447653.0,1012806.0,6060.0,536336.0,1138762.0,6204.0,485505.85714285716,1062038.857142857,6113.714285714285,488420.0,1062274.0,6090.0
2022-05-09/2022-05-15,1707.51,2555.34,2042.76,2164.4814285714288,2539.54,14776688.0,2625803.0,8025680.0,42742.0,479419.0,1042631.0,6037.0,641699.0,1260983.0,6222.0,540469.5714285715,1146525.7142857143,6106.0,514006.0,1129903.0,6067.0
2022-05-16/2022-05-22,1901.4,2155.0,2012.95,2017.1828571428573,2130.42,14820222.0,2427289.0,7443606.0,42012.0,459237.0,1013908.0,5937.0,548934.0,1125625.0,6091.0,494034.0,1063372.2857142857,6001.714285714285,485091.0,1055095.0,5965.0
2022-05-23/2022-05-29,1709.19,2085.71,1959.19,1898.987142857143,2005.97,14863278.0,2178365.0,7247653.0,41771.0,421751.0,1020350.0,5886.0,481958.0,1049808.0,6043.0,458431.4285714286,1035379.0,5967.285714285715,464546.0,1034511.0,5972.0
2022-05-30/2022-06-05,1737.36,2009.89,1793.68,1835.4314285714283,1793.68,14905988.0,1851222.0,7203304.0,41226.0,392098.0,974270.0,5724.0,487038.0,1097560.0,5991.0,424053.5714285714,1029043.4285714285,5889.428571428572,415165.0,1031948.0,5928.0
2022-06-06/2022-06-12,1428.3,1917.16,1796.12,1757.6142857142856,1809.65,14947132.0,1879648.0,7007903.0,39920.0,394794.0,978164.0,5631.0,452940.0,1027962.0,5789.0,427272.5714285714,1001129.0,5702.857142857143,424890.0,1007007.0,5694.0
2022-06-13/2022-06-19,884.57,1484.24,1179.82,1167.7314285714288,1473.58,14987809.0,2147091.0,7257213.0,39552.0,436072.0,980879.0,5556.0,486149.0,1065632.0,5713.0,457804.71428571426,1036744.7142857143,5650.285714285715,452604.0,1048602.0,5658.0
2022-06-20/2022-06-26,1044.26,1276.04,1134.46,1141.4142857142856,1138.83,15026233.0,1921578.0,6632597.0,37038.0,365761.0,889624.0,5158.0,445281.0,1006205.0,5712.0,415397.0,947513.8571428572,5291.142857142857,425470.0,950029.0,5211.0
2022-06-27/2022-07-03,1000.52,1248.11,1107.93,1122.7942857142857,1246.59,15066169.0,2076155.0,7257902.0,39869.0,407127.0,939550.0,5152.0,514345.0,1145741.0,6315.0,446722.4285714286,1036843.1428571428,5695.571428571428,424813.0,1014201.0,5475.0
2022-07-04/2022-07-10,1044.48,1270.2,1160.63,1173.9571428571428,1083.85,15111487.0,2209805.0,7907483.0,43712.0,463359.0,1107366.0,6186.0,493354.0,1152410.0,6332.0,479813.0,1129640.4285714286,6244.571428571428,480834.0,1129794.0,6248.0
2022-07-11/2022-07-17,1007.31,1417.25,1176.87,1176.0442857142857,1176.87,15156813.0,2441489.0,8075058.0,43713.0,450114.0,1099099.0,6204.0,584339.0,1207152.0,6316.0,513814.4285714286,1153579.7142857143,6244.714285714285,512401.0,1150271.0,6221.0
2022-07-18/2022-07-24,1335.55,1645.89,1525.37,1505.447142857143,1343.04,15202012.0,2377160.0,7958094.0,43692.0,490523.0,1087132.0,6173.0,539158.0,1171443.0,6266.0,506316.0,1136870.5714285714,6241.714285714285,501450.0,1148590.0,6257.0
2022-07-25/2022-07-31,1357.66,1782.16,1609.32,1615.0399999999997,1609.32,15246903.0,3144702.0,8543200.0,43255.0,506014.0,1116249.0,6142.0,1066832.0,1636949.0,6224.0,615379.7142857143,1220457.142857143,6179.285714285715,532018.0,1145066.0,6168.0
2022-08-01/2022-08-07,1564.39,1748.59,1651.18,1660.8285714285716,1721.28,15291833.0,3163328.0,8468321.0,43208.0,537482.0,1112705.0,6111.0,845981.0,1412697.0,6246.0,611576.0,1209760.142857143,6172.571428571428,553307.0,1162644.0,6192.0
2022-08-08/2022-08-14,1659.46,2029.9,1842.85,1841.2885714285712,1722.52,15336463.0,2291569.0,7625789.0,42763.0,468799.0,1063112.0,6061.0,508910.0,1125673.0,6154.0,491071.5714285714,1089398.4285714286,6109.0,495120.0,1084575.0,6104.0
2022-08-15/2022-08-21,1529.08,2011.65,1876.87,1811.01,1942.56,15380672.0,2289649.0,7428108.0,42475.0,461667.0,1044707.0,6016.0,503957.0,1081576.0,6106.0,482373.5714285714,1061158.2857142857,6067.857142857143,485752.0,1063989.0,6096.0
2022-08-22/2022-08-28,1448.76,1721.65,1618.5,1610.9471428571428,1618.5,15424591.0,2146805.0,7123030.0,42068.0,445351.0,983019.0,5964.0,478642.0,1041916.0,6093.0,457191.28571428574,1017575.7142857143,6009.714285714285,453741.0,1018257.0,6000.0
2022-08-29/2022-09-04,1423.86,1648.92,1558.9,1552.3714285714286,1483.47,15468373.0,2235243.0,7227527.0,42134.0,434658.0,1002194.0,5951.0,556492.0,1080098.0,6086.0,472749.14285714284,1032503.8571428572,6019.142857142857,459758.0,1039239.0,6021.0
2022-09-05/2022-09-11,1492.32,1788.48,1638.79,1641.3199999999997,1571.36,15511691.0,2210658.0,7186070.0,41410.0,447259.0,967751.0,5804.0,496718.0,1055816.0,6053.0,472056.4285714286,1026581.4285714285,5915.714285714285,474453.0,1040629.0,5911.0
2022-09-12/2022-09-18,1367.8,1780.59,1603.38,1585.4228571428573,1759.33,15556726.0,2750479.0,8086247.0,45165.0,453398.0,1032901.0,5695.0,658575.0,1287307.0,7086.0,550877.5714285715,1155178.142857143,6452.142857142857,536323.0,1122859.0,6600.0
2022-09-19/2022-09-25,1222.52,1410.0,1342.22,1336.1499999999999,1370.86,15606660.0,2261449.0,7626321.0,49786.0,446121.0,1070902.0,7032.0,488150.0,1110338.0,7148.0,457248.28571428574,1089474.4285714286,7112.285714285715,451069.0,1089070.0,7131.0
2022-09-26/2022-10-02,1259.34,1399.29,1325.06,1324.652857142857,1292.44,15656732.0,2283095.0,7911990.0,49828.0,440624.0,1072560.0,7093.0,522954.0,1191950.0,7139.0,463180.4285714286,1130284.2857142857,7118.285714285715,452516.0,1125113.0,7119.0
2022-10-03/2022-10-09,1264.34,1383.43,1332.01,1336.5614285714287,1303.74,15706816.0,2452121.0,8035394.0,49884.0,421090.0,1053253.0,7096.0,548089.0,1239462.0,7161.0,492122.28571428574,1147913.4285714286,7126.285714285715,504602.0,1145223.0,7123.0
2022-10-10/2022-10-16,1194.37,1342.09,1298.92,1298.06,1320.9,15756957.0,2216089.0,7350884.0,49916.0,414271.0,953903.0,7103.0,543965.0,1104792.0,7160.0,488061.85714285716,1050126.2857142857,7130.857142857143,491732.0,1046118.0,7125.0
2022-10-17/2022-10-23,1255.0,1340.54,1311.01,1307.1785714285713,1311.01,15807086.0,1884023.0,7227273.0,50056.0,391265.0,934126.0,7123.0,454799.0,1119170.0,7164.0,417277.85714285716,1032467.5714285715,7150.857142857143,409020.0,1039474.0,7156.0
2022-10-24/2022-10-30,1324.75,1661.78,1527.86,1489.35,1330.22,15857151.0,1947622.0,7223023.0,50025.0,401534.0,1008001.0,7112.0,461927.0,1080936.0,7161.0,422963.5714285714,1031860.4285714285,7146.428571428572,411791.0,1017019.0,7149.0
2022-10-31/2022-11-06,1502.38,1674.39,1575.51,1581.0928571428574,1595.49,15907253.0,1912920.0,6951126.0,50082.0,376850.0,926516.0,7136.0,437833.0,1056062.0,7165.0,409311.71428571426,993018.0,7154.571428571428,399950.0,985521.0,7156.0
2022-11-07/2022-11-13,1074.18,1608.2,1320.71,1351.0971428571427,1604.05,15957380.0,2116725.0,7588817.0,50095.0,417380.0,1001087.0,7136.0,465905.0,1162745.0,7167.0,433422.85714285716,1084116.7142857143,7156.428571428572,429617.0,1077266.0,7161.0
2022-11-14/2022-11-20,1136.94,1290.49,1210.0,1216.5957142857144,1215.0,16007503.0,2173183.0,7114960.0,50084.0,365998.0,883067.0,7145.0,479428.0,1143449.0,7163.0,436061.5714285714,1016422.8571428572,7154.857142857143,449888.0,1046210.0,7156.0
2022-11-21/2022-11-27,1076.05,1229.93,1168.79,1162.4,1140.83,16057597.0,2060459.0,6507879.0,50055.0,377625.0,859123.0,7131.0,457042.0,971550.0,7161.0,413095.28571428574,929697.0,7150.714285714285,412367.0,931998.0,7154.0
2022-11-28/2022-12-04,1150.38,1305.67,1260.89,1247.527142857143,1215.05,16107727.0,2187165.0,6902866.0,50094.0,385862.0,937575.0,7146.0,496358.0,1058329.0,7171.0,439549.85714285716,986123.7142857143,7156.285714285715,446441.0,993440.0,7157.0
2022-12-05/2022-12-11,1220.78,1304.49,1259.85,1261.6657142857143,1277.23,16157748.0,3180613.0,7843191.0,49992.0,378185.0,900634.0,7069.0,1420124.0,1910139.0,7167.0,588914.2857142857,1120455.857142857,7141.714285714285,418841.0,1016752.0,7153.0
2022-12-12/2022-12-18,1156.61,1348.31,1264.6,1258.31,1263.88,16207857.0,2172774.0,7273144.0,50073.0,340500.0,877371.0,7145.0,559222.0,1141784.0,7160.0,446354.4285714286,1039020.5714285715,7153.285714285715,444153.0,1034299.0,7155.0
2022-12-19/2022-12-25,1152.91,1232.01,1215.0,1205.98,1182.88,16258038.0,1820716.0,6642967.0,50154.0,358707.0,821753.0,7157.0,429426.0,1023199.0,7177.0,390964.14285714284,948995.2857142857,7164.857142857143,391484.0,966017.0,7161.0
2022-12-26/2023-01-01,1183.27,1232.38,1199.52,1203.4742857142858,1218.33,16308190.0,1640693.0,6286008.0,50120.0,281711.0,724149.0,7153.0,399305.0,997710.0,7169.0,359503.0,898001.1428571428,7160.0,375734.0,922008.0,7159.0
2023-01-02/2023-01-08,1192.89,1275.72,1251.44,1238.107142857143,1202.11,16358347.0,2081093.0,7057368.0,50108.0,339770.0,897069.0,7149.0,645634.0,1165220.0,7169.0,435354.4285714286,1008195.4285714285,7158.285714285715,392425.0,1000262.0,7157.0
2023-01-09/2023-01-15,1269.0,1592.46,1343.12,1384.5657142857142,1269.71,16408488.0,1908129.0,7300099.0,50067.0,397803.0,975414.0,7135.0,446763.0,1075341.0,7164.0,425348.5714285714,1042871.2857142857,7152.428571428572,424715.0,1052994.0,7154.0
2023-01-16/2023-01-22,1503.85,1677.45,1579.41,1583.6100000000001,1552.54,16458621.0,1843312.0,6919451.0,50116.0,350878.0,869136.0,7153.0,471017.0,1083993.0,7168.0,407893.71428571426,988493.0,7159.428571428572,403853.0,992093.0,7159.0
2023-01-23/2023-01-29,1523.3,1659.24,1602.99,1607.2614285714283,1628.25,16508758.0,1717148.0,6939887.0,50098.0,366267.0,924333.0,7148.0,439617.0,1075099.0,7163.0,392757.85714285716,991412.4285714285,7156.857142857143,385974.0,993906.0,7161.0
2023-01-30/2023-02-05,1538.77,1711.6,1635.79,1626.0385714285712,1643.16,16558857.0,1901354.0,7340740.0,50076.0,406408.0,1035397.0,7136.0,438875.0,1071300.0,7164.0,427640.14285714284,1048677.142857143,7153.714285714285,428345.0,1045431.0,7155.0
2023-02-06/2023-02-12,1495.0,1692.89,1622.32,1594.5842857142857,1622.32,16608958.0,1829396.0,7210965.0,50055.0,380353.0,930656.0,7133.0,433537.0,1108674.0,7164.0,411630.28571428574,1030137.8571428572,7150.714285714285,422658.0,1048928.0,7155.0
2023-02-13/2023-02-19,1464.38,1745.73,1666.62,1611.7371428571428,1509.54,16658939.0,1861191.0,7309759.0,49906.0,377203.0,947788.0,7094.0,456530.0,1128611.0,7154.0,419127.0,1044251.2857142857,7129.428571428572,424744.0,1038043.0,7143.0
2023-02-20/2023-02-26,1559.63,1719.42,1641.18,1638.5399999999997,1686.12,16708711.0,2047952.0,7219867.0,49751.0,404941.0,962406.0,7081.0,480384.0,1069136.0,7124.0,440496.28571428574,1031409.5714285715,7107.285714285715,440860.0,1055989.0,7109.0
2023-02-27/2023-03-05,1548.0,1676.96,1627.23,1612.2828571428574,1642.62,16758496.0,1900639.0,7072837.0,49768.0,363187.0,922261.0,7096.0,455065.0,1063039.0,7131.0,417327.71428571426,1010405.2857142857,7109.714285714285,432570.0,1015601.0,7106.0
2023-03-06/2023-03-12,1374.1,1582.59,1550.4,1511.0157142857145,1571.98,16808258.0,1797532.0,6990515.0,49733.0,376053.0,949933.0,7080.0,418417.0,1032711.0,7113.0,398518.28571428574,998645.0,7104.714285714285,394867.0,1007324.0,7108.0
2023-03-13/2023-03-19,1544.57,1844.23,1671.66,1683.8428571428572,1558.49,16858067.0,2129121.0,7275409.0,49794.0,403690.0,966491.0,7096.0,531263.0,1139608.0,7123.0,446831.71428571426,1039344.1428571428,7113.428571428572,447490.0,1040611.0,7115.0
2023-03-20/2023-03-26,1713.49,1858.43,1760.27,1770.6285714285716,1800.04,16907900.0,2081470.0,7296191.0,49819.0,408946.0,985298.0,7098.0,472103.0,1093973.0,7127.0,448264.71428571426,1042313.0,7117.0,456397.0,1045815.0,7119.0
2023-03-27/2023-04-02,1690.18,1846.0,1795.23,1782.1614285714284,1761.52,16957717.0,2203528.0,7531711.0,49778.0,401126.0,955345.0,7097.0,516074.0,1137852.0,7119.0,470351.71428571426,1075958.7142857143,7111.142857142857,486524.0,1116881.0,7112.0
2023-04-03/2023-04-09,1763.0,1935.78,1855.11,1845.6842857142856,1788.95,17007072.0,1951967.0,7023690.0,49203.0,382322.0,903237.0,6984.0,470096.0,1099351.0,7072.0,427345.4285714286,1003384.2857142857,7029.0,429777.0,1017100.0,7030.0
2023-04-10/2023-04-16,1848.0,2137.82,1908.51,1964.8385714285712,1856.92,17055792.0,2282232.0,7104181.0,48660.0,371546.0,832418.0,6498.0,538135.0,1134415.0,7056.0,470884.14285714284,1014883.0,6951.428571428572,470942.0,1032528.0,7017.0
2023-04-17/2023-04-23,1830.0,2130.63,1980.49,1988.0785714285714,2122.6,17105310.0,1671474.0,6774600.0,49583.0,308284.0,839232.0,7024.0,398050.0,1051315.0,7134.0,364494.28571428574,967800.0,7083.285714285715,378671.0,982089.0,7073.0
2023-04-24/2023-04-30,1790.0,1963.93,1866.5,1876.7500000000002,1848.21,17155164.0,1711560.0,6495829.0,49806.0,345147.0,864993.0,7102.0,384327.0,960584.0,7127.0,366326.5714285714,927975.5714285715,7115.142857142857,374907.0,945341.0,7115.0
2023-05-01/2023-05-07,1808.25,2018.49,1878.01,1887.4785714285713,1892.94,17204968.0,1710604.0,7667573.0,49746.0,357361.0,1072059.0,7086.0,435198.0,1171872.0,7125.0,387094.0,1095367.5714285714,7106.571428571428,381244.0,1077637.0,7106.0
2023-05-08/2023-05-14,1741.08,1923.66,1841.66,1835.8314285714284,1913.16,17254453.0,1799435.0,7325599.0,49390.0,369046.0,970199.0,6905.0,402737.0,1114393.0,7113.0,393868.0,1046514.1428571428,7055.714285714285,401679.0,1059120.0,7076.0
2023-05-15/2023-05-21,1773.78,1846.06,1817.13,1814.1900000000003,1799.1,17304051.0,1901478.0,7198711.0,49615.0,378074.0,993288.0,7071.0,457265.0,1064528.0,7110.0,407123.4285714286,1028387.2857142857,7087.857142857143,399562.0,1027022.0,7080.0
2023-05-22/2023-05-28,1763.42,1870.02,1818.29,1822.412857142857,1806.09,17353818.0,1831199.0,7138470.0,49752.0,359783.0,943511.0,7075.0,409015.0,1088252.0,7123.0,394225.71428571426,1019781.4285714285,7107.428571428572,398353.0,1032471.0,7105.0
2023-05-29/2023-06-04,1842.92,1926.74,1888.01,1882.8714285714286,1854.7,17403556.0,1947758.0,7336409.0,49662.0,385775.0,941966.0,7083.0,460283.0,1167898.0,7108.0,418872.14285714284,1048058.4285714285,7094.571428571428,409954.0,1056191.0,7093.0
2023-06-05/2023-06-11,1719.63,1911.87,1841.54,1837.2385714285713,1903.7,17453186.0,2290468.0,7481175.0,49607.0,389170.0,977137.0,7070.0,542091.0,1171476.0,7104.0,468308.71428571426,1068739.2857142857,7086.714285714285,449869.0,1064917.0,7088.0
2023-06-12/2023-06-18,1623.44,1771.6,1728.19,1715.067142857143,1770.53,17502962.0,2169383.0,6992625.0,49789.0,392660.0,928299.0,7096.0,490722.0,1112439.0,7139.0,437706.0,998946.4285714285,7112.714285714285,431124.0,962794.0,7109.0
2023-06-19/2023-06-25,1704.83,1933.0,1877.52,1828.31,1729.88,17552799.0,2016103.0,6963626.0,49786.0,363878.0,888427.0,7106.0,443056.0,1052690.0,7125.0,410919.85714285716,994803.7142857143,7112.285714285715,410393.0,1020626.0,7109.0
2023-06-26/2023-07-02,1823.99,1945.61,1891.64,1881.26,1893.59,17602620.0,1950779.0,7089018.0,49833.0,362882.0,900819.0,7095.0,444355.0,1100196.0,7142.0,407336.14285714284,1012716.8571428572,7119.0,407709.0,1032039.0,7123.0
2023-07-03/2023-07-09,1827.29,1974.98,1910.07,1903.7871428571427,1918.46,17652460.0,1666686.0,6489016.0,49807.0,294604.0,744073.0,7109.0,406368.0,1026200.0,7133.0,352134.85714285716,927002.2857142857,7115.285714285715,356306.0,932250.0,7113.0
2023-07-10/2023-07-16,1848.85,2027.41,1891.95,1905.5485714285714,1869.18,17702170.0,1966960.0,7099420.0,49683.0,343453.0,918690.0,7053.0,454143.0,1080016.0,7113.0,407325.14285714284,1014202.8571428572,7097.571428571428,416753.0,1031090.0,7104.0
2023-07-17/2023-07-23,1854.01,1937.62,1894.77,1897.4742857142858,1929.02,17752102.0,1848745.0,7257026.0,49964.0,353892.0,950079.0,7126.0,446433.0,1149593.0,7148.0,389727.85714285716,1036718.0,7137.714285714285,376670.0,1022119.0,7139.0
2023-07-24/2023-07-30,1832.51,1893.42,1876.17,1872.3742857142859,1892.0,17802131.0,1704393.0,6828099.0,50018.0,346990.0,947321.0,7139.0,380498.0,1010932.0,7153.0,367780.14285714284,975442.7142857143,7145.428571428572,371114.0,971102.0,7146.0
2023-07-31/2023-08-06,1813.84,1878.88,1842.46,1843.2871428571427,1864.68,17852208.0,1865006.0,7095284.0,50059.0,351436.0,941951.0,7135.0,439251.0,1040470.0,7160.0,391934.4285714286,1013612.0,7151.285714285715,381932.0,1022301.0,7154.0
2023-08-07/2023-08-13,1803.02,1873.65,1846.59,1844.2371428571428,1829.41,17902217.0,1789178.0,6991423.0,50009.0,348336.0,901087.0,7139.0,428982.0,1055846.0,7157.0,382592.5714285714,998774.7142857143,7144.142857142857,381253.0,1011461.0,7142.0
2023-08-14/2023-08-20,1558.8,1853.69,1807.93,1768.0142857142855,1853.18,17952252.0,1878362.0,7102759.0,50003.0,364185.0,921515.0,7136.0,438521.0,1058040.0,7150.0,397855.4285714286,1014679.8571428572,7143.285714285715,392903.0,1033111.0,7142.0
2023-08-21/2023-08-27,1590.61,1696.98,1649.25,1660.0628571428572,1688.98,18002285.0,1763706.0,6882545.0,50014.0,361796.0,882469.0,7139.0,411248.0,1017451.0,7156.0,378581.71428571426,983220.7142857143,7144.857142857143,374190.0,1000358.0,7142.0
2023-08-28/2023-09-03,1603.23,1747.2,1648.08,1662.985714285714,1653.31,18052254.0,1988482.0,6945482.0,49961.0,340208.0,970369.0,7122.0,470314.0,1014749.0,7145.0,403860.71428571426,992211.7142857143,7137.285714285715,399506.0,993967.0,7139.0
2023-09-04/2023-09-10,1603.89,1657.78,1633.73,1633.8385714285716,1642.73,18102263.0,1762799.0,6653177.0,49989.0,331068.0,842817.0,7131.0,417096.0,1027357.0,7158.0,372309.71428571426,950453.8571428572,7141.285714285715,381585.0,969407.0,7138.0
2023-09-11/2023-09-17,1532.0,1651.97,1618.62,1606.5042857142857,1618.62,18152100.0,2726912.0,7449088.0,49733.0,348152.0,856379.0,7041.0,1089841.0,1605732.0,7143.0,507538.5714285714,1064155.4285714286,7104.714285714285,426385.0,996595.0,7119.0
2023-09-18/2023-09-24,1568.91,1669.01,1616.4,1613.3028571428572,1616.4,18201951.0,1955190.0,6660560.0,49934.0,350425.0,840369.0,7112.0,531984.0,1103563.0,7148.0,397955.14285714284,951508.5714285715,7133.428571428572,388150.0,951105.0,7136.0
2023-09-25/2023-10-01,1564.11,1693.43,1594.32,1623.14,1590.66,18251965.0,1873257.0,6833292.0,50019.0,354580.0,895639.0,7134.0,410738.0,1016463.0,7158.0,390611.5714285714,976184.5714285715,7145.571428571428,400222.0,991854.0,7146.0
2023-10-02/2023-10-08,1609.9,1756.0,1647.08,1648.3528571428571,1674.25,18302049.0,1831264.0,6659247.0,50059.0,352281.0,895816.0,7144.0,402227.0,985933.0,7165.0,377422.4285714286,951321.0,7151.285714285715,374949.0,959081.0,7148.0
2023-10-09/2023-10-15,1523.01,1638.99,1560.05,1569.8242857142857,1637.22,18352059.0,1831459.0,6609580.0,49993.0,342897.0,863736.0,7131.0,395825.0,974307.0,7150.0,375093.28571428574,944225.7142857143,7141.857142857143,377046.0,965765.0,7141.0
2023-10-16/2023-10-22,1543.59,1647.63,1566.67,1582.1771428571426,1564.35,18402122.0,1801159.0,6876674.0,50045.0,359447.0,944165.0,7142.0,418010.0,1058568.0,7166.0,378358.71428571426,982382.0,7149.285714285715,372422.0,975165.0,7146.0
2023-10-23/2023-10-29,1635.07,1865.21,1779.42,1752.6442857142858,1640.72,18452128.0,1796266.0,7169988.0,49995.0,363232.0,962397.0,7126.0,412897.0,1066135.0,7156.0,386734.85714285716,1024284.0,7142.142857142857,391457.0,1029987.0,7141.0
2023-10-30/2023-11-05,1779.22,1912.5,1814.6,1820.6785714285713,1797.52,18502099.0,1773145.0,7199499.0,49939.0,356986.0,966444.0,7127.0,395354.0,1071764.0,7147.0,382164.4285714286,1028499.8571428572,7134.142857142857,392941.0,1038677.0,7135.0
2023-11-06/2023-11-12,1851.63,2135.7,1893.36,1962.7514285714285,1869.11,18552123.0,1857019.0,7358187.0,50003.0,373113.0,1001543.0,7133.0,442238.0,1115896.0,7151.0,399423.14285714284,1051169.5714285714,7143.285714285715,390677.0,1033675.0,7147.0
2023-11-13/2023-11-19,1908.39,2116.6,1981.95,2001.9585714285715,2060.08,18602145.0,1723930.0,7171792.0,49996.0,362566.0,954219.0,7109.0,395933.0,1059606.0,7156.0,375080.4285714286,1024541.7142857143,7142.285714285715,366371.0,1030557.0,7147.0
2023-11-20/2023-11-26,1932.5,2130.8,2068.61,2045.4057142857146,1984.58,18652140.0,1874875.0,7363608.0,49953.0,364408.0,956356.0,7127.0,429161.0,1115687.0,7145.0,403017.85714285716,1051944.0,7136.142857142857,412976.0,1091225.0,7138.0
2023-11-27/2023-12-03,1987.31,2184.15,2054.47,2068.4857142857145,2074.18,18702159.0,1779430.0,7393057.0,49985.0,374202.0,999415.0,7128.0,408673.0,1106280.0,7149.0,389365.14285714284,1056151.0,7140.714285714285,387979.0,1059762.0,7143.0
2023-12-04/2023-12-10,2183.85,2401.7,2273.53,2290.2628571428572,2183.85,18752098.0,2101591.0,7740297.0,49940.0,425515.0,1058656.0,7121.0,468299.0,1140472.0,7149.0,441810.0,1105756.7142857143,7134.285714285715,444058.0,1119636.0,7132.0
2023-12-11/2023-12-17,2147.03,2366.17,2245.4,2255.117142857143,2361.34,18802046.0,1861427.0,7352288.0,49886.0,383526.0,1006995.0,7101.0,428119.0,1112591.0,7142.0,406929.14285714284,1050326.857142857,7126.571428571428,409819.0,1034403.0,7129.0
2023-12-18/2023-12-24,2118.09,2342.18,2236.51,2239.1642857142856,2236.51,18851936.0,2176742.0,7937359.0,49856.0,419972.0,1077799.0,7109.0,510439.0,1210152.0,7140.0,466978.28571428574,1133908.4285714286,7122.285714285715,449634.0,1117971.0,7124.0
2023-12-25/2023-12-31,2180.66,2445.0,2286.18,2295.2942857142857,2278.96,18901758.0,2191382.0,7485837.0,49817.0,419405.0,1012762.0,7101.0,492258.0,1150115.0,7139.0,444903.85714285716,1069405.2857142857,7116.714285714285,441279.0,1071209.0,7108.0
2024-01-01/2024-01-07,2106.8,2430.92,2274.61,2282.35,2282.63,18951539.0,2193216.0,7259726.0,49669.0,408702.0,945697.0,7043.0,483801.0,1089887.0,7124.0,441762.0,1037103.7142857143,7095.571428571428,427213.0,1052165.0,7101.0
2024-01-08/2024-01-14,2170.02,2715.0,2522.56,2446.9585714285713,2240.53,19001407.0,2301144.0,7722099.0,49878.0,334672.0,1031112.0,7077.0,580902.0,1217746.0,7154.0,466879.85714285716,1103157.0,7125.428571428572,439168.0,1064874.0,7134.0
2024-01-15/2024-01-21,2415.0,2613.78,2520.59,2511.6899999999996,2525.92,19051515.0,2078158.0,7502600.0,49995.0,409544.0,1019415.0,7067.0,461962.0,1140682.0,7164.0,433940.0,1071800.0,7142.142857142857,433476.0,1065491.0,7151.0
2024-01-22/2024-01-28,2166.02,2472.27,2259.02,2280.505714285714,2472.27,19101334.0,2321562.0,7621126.0,49864.0,427930.0,1035449.0,7082.0,523091.0,1142232.0,7138.0,470116.4285714286,1088732.2857142857,7123.428571428572,482773.0,1091315.0,7133.0
2024-01-29/2024-02-04,2235.46,2389.99,2299.8,2303.8942857142856,2263.14,19151256.0,2200894.0,7555661.0,49875.0,426337.0,1022385.0,7108.0,489911.0,1159540.0,7150.0,457061.71428571426,1079380.142857143,7125.0,452700.0,1075369.0,7125.0
2024-02-05/2024-02-11,2268.42,2538.09,2425.3,2405.3457142857146,2299.53,19201123.0,2093381.0,7311220.0,49856.0,401621.0,986576.0,7115.0,484982.0,1111630.0,7129.0,435734.71428571426,1044460.0,7122.285714285715,436298.0,1049714.0,7122.0
2024-02-12/2024-02-18,2473.24,2867.08,2780.61,2703.2985714285714,2504.34,19250998.0,2242468.0,7498941.0,49827.0,395207.0,954260.0,7092.0,489390.0,1145553.0,7133.0,456598.71428571426,1071277.2857142857,7118.142857142857,471036.0,1068899.0,7125.0
2024-02-19/2024-02-25,2845.0,3116.61,2968.0,2948.994285714286,2845.0,19300884.0,2247078.0,7588631.0,49906.0,432619.0,1046504.0,7103.0,479395.0,1120473.0,7158.0,463593.28571428574,1084090.142857143,7129.428571428572,473304.0,1069887.0,7133.0
2024-02-26/2024-03-03,3039.54,3519.37,3324.13,3294.1057142857144,3109.75,19350920.0,2506619.0,8216881.0,50024.0,506101.0,1149371.0,7132.0,528919.0,1199766.0,7164.0,513340.28571428574,1173840.142857143,7146.285714285715,511366.0,1175846.0,7143.0
2024-03-04/2024-03-10,3235.0,3998.0,3846.5,3733.6342857142854,3478.15,19400982.0,2430537.0,8308744.0,50042.0,465033.0,1128127.0,7083.0,538523.0,1263252.0,7165.0,505617.85714285716,1186963.4285714286,7148.857142857143,510525.0,1186715.0,7159.0
2024-03-11/2024-03-17,3415.07,4090.0,3906.69,3853.2042857142865,3906.69,19450870.0,2774219.0,8614273.0,49833.0,515101.0,1174614.0,7086.0,591316.0,1277864.0,7150.0,553384.0,1230610.4285714286,7119.0,545874.0,1240886.0,7116.0
2024-03-18/2024-03-24,3060.83,3675.0,3462.01,3439.088571428572,3631.69,19500711.0,3083761.0,9004021.0,49817.0,567474.0,1205639.0,7100.0,623911.0,1347022.0,7132.0,599860.4285714285,1286288.7142857143,7116.714285714285,600178.0,1291532.0,7117.0
2024-03-25/2024-03-31,3408.34,3680.32,3510.46,3528.3400000000006,3415.01,19550183.0,2763971.0,8684545.0,49444.0,519166.0,1209824.0,6916.0,576364.0,1269083.0,7116.0,551212.7142857143,1240649.2857142857,7063.428571428572,550660.0,1245876.0,7094.0
2024-04-01/2024-04-07,3206.11,3649.0,3336.12,3391.1771428571424,3632.7,19600114.0,2564448.0,8335492.0,49936.0,485915.0,1155540.0,7116.0,543495.0,1212806.0,7150.0,520090.71428571426,1190784.5714285714,7133.714285714285,513896.0,1201605.0,7139.0
2024-04-08/2024-04-14,2864.54,3726.84,3512.18,3397.6971428571424,3401.95,19650067.0,2519873.0,8275614.0,49946.0,483149.0,1106656.0,7110.0,566998.0,1283853.0,7148.0,512699.85714285716,1182230.5714285714,7135.142857142857,509836.0,1184163.0,7138.0
2024-04-15/2024-04-21,2873.38,3277.62,3068.55,3071.4385714285713,3066.03,19700063.0,2674433.0,8128368.0,49998.0,499011.0,1109610.0,7127.0,553098.0,1219765.0,7156.0,523442.85714285716,1161195.4285714286,7142.571428571428,524361.0,1154393.0,7144.0
2024-04-22/2024-04-28,3071.54,3346.19,3174.34,3175.214285714286,3149.06,19750103.0,2483596.0,7950515.0,50022.0,461828.0,1077396.0,7132.0,512421.0,1165848.0,7156.0,491254.85714285716,1135787.857142857,7146.0,490930.0,1145759.0,7147.0
2024-04-29/2024-05-05,2816.91,3309.77,3113.24,3087.9599999999996,3309.63,19800180.0,2807106.0,8224347.0,50061.0,525782.0,1125994.0,7140.0,566380.0,1232845.0,7164.0,546178.7142857143,1174906.7142857143,7151.571428571428,543863.0,1174374.0,7151.0
2024-05-06/2024-05-12,2883.93,3217.66,3019.99,3006.224285714286,3138.14,19850230.0,2619427.0,7844526.0,50020.0,469252.0,1037219.0,7141.0,531343.0,1200134.0,7149.0,507639.4285714286,1120646.5714285714,7145.714285714285,509602.0,1126645.0,7145.0
2024-05-13/2024-05-19,2864.75,3144.66,2952.39,2990.5799999999995,2921.61,19900268.0,2599612.0,7769010.0,50003.0,442246.0,999296.0,7111.0,545383.0,1181880.0,7167.0,500184.14285714284,1109858.5714285714,7143.285714285715,503271.0,1137726.0,7144.0
2024-05-20/2024-05-26,3050.0,3939.52,3743.41,3614.7671428571425,3074.05,19950330.0,2427407.0,7938927.0,50052.0,456444.0,1095840.0,7140.0,510734.0,1170817.0,7157.0,481520.4285714286,1134132.4285714286,7150.285714285715,469683.0,1131093.0,7153.0
2024-05-27/2024-06-02,3702.01,3973.67,3803.4,3807.5142857142864,3858.86,20000416.0,2150474.0,7776018.0,50073.0,401652.0,1054314.0,7142.0,465668.0,1148946.0,7165.0,441145.4285714286,1110859.7142857143,7153.285714285715,445668.0,1122641.0,7154.0
2024-06-03/2024-06-09,3617.4,3884.41,3784.0,3769.7514285714283,3784.0,20050553.0,2169020.0,7951647.0,50105.0,425165.0,1119576.0,7149.0,464832.0,1157157.0,7167.0,446004.4285714286,1135949.5714285714,7157.857142857143,447900.0,1134512.0,7158.0
2024-06-10/2024-06-16,3364.09,3719.73,3550.59,3549.7799999999997,3698.34,20100627.0,2386712.0,8053744.0,50047.0,459262.0,1086305.0,7133.0,489782.0,1205648.0,7159.0,474447.28571428574,1150534.857142857,7149.571428571428,477562.0,1153501.0,7151.0
2024-06-17/2024-06-23,3372.68,3649.6,3519.74,3522.5085714285715,3595.78,20150677.0,2763539.0,8052162.0,50008.0,449270.0,1073923.0,7133.0,715003.0,1290839.0,7155.0,519137.4285714286,1150308.857142857,7144.0,460978.0,1116378.0,7144.0
2024-06-24/2024-06-30,3244.35,3482.0,3388.0,3391.45,3433.5,20200783.0,2733867.0,8043831.0,50091.0,476392.0,1102711.0,7143.0,575874.0,1222466.0,7165.0,515532.0,1149118.7142857143,7155.857142857143,502722.0,1149668.0,7156.0
2024-07-01/2024-07-07,2828.61,3516.14,3256.94,3247.1157142857146,3417.38,20250914.0,2457900.0,7919886.0,50090.0,426242.0,1007598.0,7146.0,512596.0,1217218.0,7162.0,474111.5714285714,1131412.2857142857,7155.714285714285,465629.0,1126826.0,7158.0
2024-07-08/2024-07-14,2826.31,3224.45,3095.21,3078.6314285714284,2998.32,20301021.0,2484499.0,7910370.0,50084.0,426078.0,1063241.0,7142.0,511298.0,1166940.0,7162.0,475493.71428571426,1130052.857142857,7154.857142857143,473381.0,1127736.0,7156.0
2024-07-15/2024-07-21,3198.63,3540.64,3435.95,3419.161428571428,3200.77,20351186.0,2128089.0,7931703.0,50132.0,410323.0,1087800.0,7155.0,452342.0,1174923.0,7168.0,430771.71428571426,1133100.4285714286,7161.714285714285,430228.0,1132478.0,7161.0
2024-07-22/2024-07-28,3089.67,3562.89,3374.43,3356.3971428571426,3499.01,20401322.0,2196457.0,7651242.0,50113.0,416920.0,1020279.0,7150.0,456101.0,1129478.0,7173.0,435156.5714285714,1093034.5714285714,7159.0,435402.0,1112018.0,7159.0
2024-07-29/2024-08-04,2648.49,3395.0,3220.19,3165.0499999999997,3262.05,20451460.0,2156099.0,7582347.0,50112.0,395635.0,1013343.0,7139.0,468301.0,1142416.0,7172.0,430407.0,1083192.4285714286,7158.857142857143,433592.0,1066396.0,7161.0
2024-08-05/2024-08-11,2133.03,2751.53,2570.67,2542.194285714286,2751.52,20501655.0,2116658.0,7432923.0,50132.0,386469.0,965312.0,7151.0,455028.0,1103870.0,7169.0,414988.85714285716,1061846.142857143,7161.714285714285,408436.0,1073035.0,7162.0
2024-08-12/2024-08-18,2515.09,2776.58,2615.0,2626.4914285714285,2555.12,20551784.0,2404989.0,7656640.0,50109.0,360703.0,983054.0,7145.0,590465.0,1252759.0,7171.0,456182.4285714286,1093805.7142857143,7158.428571428572,416689.0,1062940.0,7159.0
2024-08-19/2024-08-25,2541.07,2820.53,2631.2,2668.191428571429,2666.85,20601892.0,2090413.0,7288836.0,50044.0,378237.0,946975.0,7145.0,464926.0,1097044.0,7154.0,416158.14285714284,1041262.2857142857,7149.142857142857,417915.0,1056391.0,7150.0
2024-08-26/2024-09-01,2407.71,2792.86,2539.94,2592.1271428571426,2772.21,20651994.0,2179848.0,7523453.0,50064.0,395966.0,987253.0,7142.0,461691.0,1127249.0,7161.0,435197.4285714286,1074779.0,7152.0,441309.0,1104678.0,7154.0
2024-09-02/2024-09-08,2151.52,2560.1,2456.47,2397.298571428571,2502.01,20702171.0,2040741.0,7565680.0,50136.0,400378.0,1056455.0,7153.0,445475.0,1097618.0,7172.0,415424.71428571426,1080811.4285714286,7162.285714285715,414167.0,1087301.0,7161.0
2024-09-09/2024-09-15,2274.58,2465.0,2350.82,2361.9171428571426,2275.12,20752288.0,2177771.0,7798045.0,50096.0,430933.0,1057180.0,7145.0,475488.0,1144272.0,7173.0,439648.28571428574,1114006.4285714286,7156.571428571428,433503.0,1130726.0,7155.0
2024-09-16/2024-09-22,2253.85,2570.29,2344.93,2355.112,2364.31,,,,,,,,,,,,,,,,
